Method,ret_XLE,ret_XLF
AR(1),0.006511365505299294,0.02664435788224062
Fwd (Cp),-0.09160286151685204,0.02664435788224062
Fwd (CV),0.0,0.02664435788224062
Bwd (Cp),-0.09160286151685204,0.02664435788224062
Bwd (CV),0.0,0.02664435788224062
Best Sub (Cp),-0.19362293386017604,0.02664435788224062
Ridge,2.729929360345551e-08,-0.044073968236908234
Lasso,0.0,0.0014797126254704196
PCR,-0.07560566314360284,-0.24576971886476584
PLS,-0.18919699332089412,-0.10201795156433824
